
--MEMBER
INSERT INTO MEMBER
(MEMBER_ID, EMAIL, NAME, PHONE, TYPE)
VALUES('MMMMMM1', 'member1@naver.com', '주윤재', '01090626317', 'Buyer');

INSERT INTO MEMBER
(MEMBER_ID, EMAIL, NAME, PHONE, TYPE)
VALUES('MMMMMM2', 'member2@test.com', '박미선', '01090626417', 'Buyer');

INSERT INTO MEMBER
(MEMBER_ID, EMAIL, NAME, PHONE, TYPE)
VALUES('MMMMMM3', 'member3@test.com', '주윤식', '01090126317', 'Buyer');

INSERT INTO MEMBER
(MEMBER_ID, EMAIL, NAME, PHONE, TYPE)
VALUES('MMMMMM4', 'member4@test.com', '권휘', '01030626317', 'Buyer');

INSERT INTO MEMBER
(MEMBER_ID, EMAIL, NAME, PHONE, TYPE)
VALUES('MMMMMM5', 'member5@test.com', '박수종', '01060626317', 'Buyer');

INSERT INTO MEMBER
(MEMBER_ID, EMAIL, NAME, PHONE, TYPE)
VALUES('MMMMMM6', 'member6@test.com', '하두현', '01020126317', 'Seller');

INSERT INTO MEMBER
(MEMBER_ID, EMAIL, NAME, PHONE, TYPE)
VALUES('MMMMMM7', 'member7@test.com', '박재성', '01060646317', 'Seller');

INSERT INTO MEMBER
(MEMBER_ID, EMAIL, NAME, PHONE, TYPE, COMPANY_NUMBER, ORGANIZER_NAME)
VALUES('MMMMMM8', 'member8@test.com', '이병규', '01080626417', 'Organizer','100','유한컴퍼니');

INSERT INTO MEMBER
(MEMBER_ID, EMAIL, NAME, PHONE, TYPE, COMPANY_NUMBER, ORGANIZER_NAME)
VALUES('MMMMMM9', 'member9@test.com', '이웅희', '01010626312', 'Organizer','999','뱅크웨어글로벌');

INSERT INTO MEMBER
(MEMBER_ID, EMAIL, NAME, PHONE, TYPE)
VALUES('MMMMMM10', 'member10@test.com', '관리자', '01050624317', 'Admin');

--FESTIVAL
INSERT INTO FESTIVAL
(FESTIVAL_ID, NAME, START_DATE, END_DATE)
VALUES('FFFFFF1', '여의도 불꽃놀이 축제', '20220101', '20220630');

INSERT INTO FESTIVAL
(FESTIVAL_ID, NAME, START_DATE, END_DATE)
VALUES('FFFFFF2', '한강 밤도꺠비 시장', '20220401', '20220831');

--STORE
INSERT INTO STORE
(STORE_ID, NAME, PHONE, FESTIVAL_ID)
VALUES('SSSSSS1', '버거킹', '15881012', 'FFFFFF1');

INSERT INTO STORE
(STORE_ID, NAME, PHONE, FESTIVAL_ID)
VALUES('SSSSSS2', '피자헛', '15880232', 'FFFFFF1');

INSERT INTO STORE
(STORE_ID, NAME, PHONE, FESTIVAL_ID)
VALUES('SSSSSS3', '교촌치킨', '15882321', 'FFFFFF1');

INSERT INTO STORE
(STORE_ID, NAME, PHONE, FESTIVAL_ID)
VALUES('SSSSSS4', '맥도날드', '16332323', 'FFFFFF2');

INSERT INTO STORE
(STORE_ID, NAME, PHONE, FESTIVAL_ID)
VALUES('SSSSSS5', '한식당', '19883232', 'FFFFFF2');

--ORDERS
INSERT INTO ORDERS
(ORDER_ID, MEMBER_ID, STORE_ID, PAY_DATE, PAY_TYPE, TYPE, REQUEST)
VALUES('OOOOOO1', 'MMMMMM1', 'SSSSSS1', '20220101', 'Card', 'COMPLETE','요청사항1');

INSERT INTO ORDERS
(ORDER_ID, MEMBER_ID, STORE_ID, PAY_DATE, PAY_TYPE, TYPE, REQUEST)
VALUES('OOOOOO2', 'MMMMMM1', 'SSSSSS2', '20220101', 'Card', 'COMPLETE','요청사항1');

INSERT INTO ORDERS
(ORDER_ID, MEMBER_ID, STORE_ID, PAY_DATE, PAY_TYPE, TYPE, REQUEST)
VALUES('OOOOOO3', 'MMMMMM2', 'SSSSSS1', '20220101', 'Card', 'COMPLETE','요청사항1');

INSERT INTO ORDERS
(ORDER_ID, MEMBER_ID, STORE_ID, PAY_DATE, PAY_TYPE, TYPE, REQUEST)
VALUES('OOOOOO4', 'MMMMMM2', 'SSSSSS2', '20220101', 'Card', 'CANCEL','요청사항1');

INSERT INTO ORDERS
(ORDER_ID, MEMBER_ID, STORE_ID, PAY_DATE, PAY_TYPE, TYPE, REQUEST)
VALUES('OOOOOO5', 'MMMMMM2', 'SSSSSS3', '20220101', 'Card', 'COMPLETE','요청사항1');

INSERT INTO ORDERS
(ORDER_ID, MEMBER_ID, STORE_ID, PAY_DATE, PAY_TYPE, TYPE, REQUEST)
VALUES('OOOOOO6', 'MMMMMM3', 'SSSSSS1', '20220101', 'Card', 'COMPLETE','요청사항1');

INSERT INTO ORDERS
(ORDER_ID, MEMBER_ID, STORE_ID, PAY_DATE, PAY_TYPE, TYPE, REQUEST)
VALUES('OOOOOO7', 'MMMMMM3', 'SSSSSS4', '20220101', 'Card', 'WAIT','요청사항1');

INSERT INTO ORDERS
(ORDER_ID, MEMBER_ID, STORE_ID, PAY_DATE, PAY_TYPE, TYPE, REQUEST)
VALUES('OOOOOO8', 'MMMMMM3', 'SSSSSS5', '20220101', 'Card', 'COMPLETE','요청사항1');
